{
  "ASCII Anti Aliased": true,
  "ASCII Ligatures": false,
  "Ambiguous Double Width": false,
  "Ansi 0 Color": {
    "Blue Component": 0,
    "Green Component": 0,
    "Red Component": 0
  },
  "Ansi 1 Color": {
    "Blue Component": 0,
    "Green Component": 0,
    "Red Component": 0.7333333492279053
  },
  "Ansi 10 Color": {
    "Blue Component": 0.3333333432674408,
    "Green Component": 1,
    "Red Component": 0.3333333432674408
  },
  "Ansi 11 Color": {
    "Blue Component": 0.3333333432674408,
    "Green Component": 1,
    "Red Component": 1
  },
  "Ansi 12 Color": {
    "Blue Component": 1,
    "Green Component": 0.3333333432674408,
    "Red Component": 0.3333333432674408
  },
  "Ansi 13 Color": {
    "Blue Component": 1,
    "Green Component": 0.3333333432674408,
    "Red Component": 1
  },
  "Ansi 14 Color": {
    "Blue Component": 1,
    "Green Component": 1,
    "Red Component": 0.3333333432674408
  },
  "Ansi 15 Color": {
    "Blue Component": 1,
    "Green Component": 1,
    "Red Component": 1
  },
  "Ansi 2 Color": {
    "Blue Component": 0,
    "Green Component": 0.7333333492279053,
    "Red Component": 0
  },
  "Ansi 3 Color": {
    "Blue Component": 0,
    "Green Component": 0.7333333492279053,
    "Red Component": 0.7333333492279053
  },
  "Ansi 4 Color": {
    "Alpha Component": 1,
    "Blue Component": 1,
    "Color Space": "sRGB",
    "Green Component": 0.554896374233067,
    "Red Component": 0.023162841796875
  },
  "Ansi 5 Color": {
    "Blue Component": 0.7333333492279053,
    "Green Component": 0,
    "Red Component": 0.7333333492279053
  },
  "Ansi 6 Color": {
    "Blue Component": 0.7333333492279053,
    "Green Component": 0.7333333492279053,
    "Red Component": 0
  },
  "Ansi 7 Color": {
    "Blue Component": 0.7333333492279053,
    "Green Component": 0.7333333492279053,
    "Red Component": 0.7333333492279053
  },
  "Ansi 8 Color": {
    "Blue Component": 0.3333333432674408,
    "Green Component": 0.3333333432674408,
    "Red Component": 0.3333333432674408
  },
  "Ansi 9 Color": {
    "Blue Component": 0.3333333432674408,
    "Green Component": 0.3333333432674408,
    "Red Component": 1
  },
  "BM Growl": true,
  "Background Color": {
    "Blue Component": 0,
    "Green Component": 0,
    "Red Component": 0
  },
  "Background Image Location": "",
  "Blinking Cursor": false,
  "Blur": false,
  "Bold Color": {
    "Blue Component": 1,
    "Green Component": 1,
    "Red Component": 1
  },
  "Character Encoding": 4,
  "Close Sessions On End": true,
  "Columns": 1000,
  "Command": "",
  "Cursor Color": {
    "Blue Component": 0.7333333492279053,
    "Green Component": 0.7333333492279053,
    "Red Component": 0.7333333492279053
  },
  "Cursor Text Color": {
    "Blue Component": 1,
    "Green Component": 1,
    "Red Component": 1
  },
  "Custom Command": "No",
  "Custom Directory": "Recycle",
  "Default Bookmark": "No",
  "Description": "Default",
  "Disable Window Resizing": true,
  "Draw Powerline Glyphs": true,
  "Flashing Bell": false,
  "Foreground Color": {
    "Blue Component": 0.7333333492279053,
    "Green Component": 0.7333333492279053,
    "Red Component": 0.7333333492279053
  },
  "Guid": "DE41CDD8-B9E6-4943-A5C4-F8A98FD2F9E3",
  "Horizontal Spacing": 1,
  "Idle Code": 0,
  "Jobs to Ignore": [
    "rlogin",
    "ssh",
    "slogin",
    "telnet"
  ],
  "Keyboard Map": {
    "0x2a-0x200000": {
      "Action": 12,
      "Text": "*"
    },
    "0x2b-0x200000": {
      "Action": 12,
      "Text": "+"
    },
    "0x2d-0x200000": {
      "Action": 12,
      "Text": "-"
    },
    "0x2d-0x40000": {
      "Action": 11,
      "Text": "0x1f"
    },
    "0x2e-0x200000": {
      "Action": 12,
      "Text": "."
    },
    "0x2f-0x200000": {
      "Action": 12,
      "Text": "/"
    },
    "0x3-0x200000": {
      "Action": 11,
      "Text": "0xd"
    },
    "0x30-0x200000": {
      "Action": 12,
      "Text": "0"
    },
    "0x31-0x200000": {
      "Action": 12,
      "Text": "1"
    },
    "0x32-0x200000": {
      "Action": 12,
      "Text": "2"
    },
    "0x32-0x40000": {
      "Action": 11,
      "Text": "0x00"
    },
    "0x33-0x200000": {
      "Action": 12,
      "Text": "3"
    },
    "0x33-0x40000": {
      "Action": 11,
      "Text": "0x1b"
    },
    "0x34-0x200000": {
      "Action": 12,
      "Text": "4"
    },
    "0x34-0x40000": {
      "Action": 11,
      "Text": "0x1c"
    },
    "0x35-0x200000": {
      "Action": 12,
      "Text": "5"
    },
    "0x35-0x40000": {
      "Action": 11,
      "Text": "0x1d"
    },
    "0x36-0x200000": {
      "Action": 12,
      "Text": "6"
    },
    "0x36-0x40000": {
      "Action": 11,
      "Text": "0x1e"
    },
    "0x37-0x200000": {
      "Action": 12,
      "Text": "7"
    },
    "0x37-0x40000": {
      "Action": 11,
      "Text": "0x1f"
    },
    "0x38-0x200000": {
      "Action": 12,
      "Text": "8"
    },
    "0x38-0x40000": {
      "Action": 11,
      "Text": "0x7f"
    },
    "0x39-0x200000": {
      "Action": 12,
      "Text": "9"
    },
    "0x5b-0x100000-0x21": {
      "Action": 31,
      "Label": "",
      "Text": "",
      "Version": 1
    },
    "0x5d-0x100000-0x1e": {
      "Action": 30,
      "Label": "",
      "Text": "",
      "Version": 1
    },
    "0x7f-0x100000": {
      "Action": 11,
      "Text": "0x15"
    },
    "0x7f-0x80000": {
      "Action": 11,
      "Text": "0x1b 0x7f"
    },
    "0xf700-0x220000": {
      "Action": 10,
      "Text": "[1;2A"
    },
    "0xf700-0x240000": {
      "Action": 10,
      "Text": "[1;5A"
    },
    "0xf700-0x260000": {
      "Action": 10,
      "Text": "[1;6A"
    },
    "0xf700-0x2a0000-0x7e": {
      "Action": 55,
      "Label": "",
      "Text": "",
      "Version": 1
    },
    "0xf701-0x220000": {
      "Action": 10,
      "Text": "[1;2B"
    },
    "0xf701-0x240000": {
      "Action": 10,
      "Text": "[1;5B"
    },
    "0xf701-0x260000": {
      "Action": 10,
      "Text": "[1;6B"
    },
    "0xf701-0x2a0000-0x7d": {
      "Action": 56,
      "Label": "",
      "Text": "",
      "Version": 1
    },
    "0xf702-0x220000": {
      "Action": 10,
      "Text": "[1;2D"
    },
    "0xf702-0x240000": {
      "Action": 10,
      "Text": "[1;5D"
    },
    "0xf702-0x260000": {
      "Action": 10,
      "Text": "[1;6D"
    },
    "0xf702-0x280000": {
      "Action": 10,
      "Text": "b"
    },
    "0xf702-0x2a0000-0x7b": {
      "Action": 53,
      "Label": "",
      "Text": "",
      "Version": 1
    },
    "0xf702-0x300000": {
      "Action": 11,
      "Text": "0x1"
    },
    "0xf703-0x220000": {
      "Action": 10,
      "Text": "[1;2C"
    },
    "0xf703-0x240000": {
      "Action": 10,
      "Text": "[1;5C"
    },
    "0xf703-0x260000": {
      "Action": 10,
      "Text": "[1;6C"
    },
    "0xf703-0x280000": {
      "Action": 10,
      "Text": "f"
    },
    "0xf703-0x2a0000-0x7c": {
      "Action": 54,
      "Label": "",
      "Text": "",
      "Version": 1
    },
    "0xf703-0x300000": {
      "Action": 11,
      "Text": "0x5"
    },
    "0xf704-0x20000": {
      "Action": 10,
      "Text": "[1;2P"
    },
    "0xf705-0x20000": {
      "Action": 10,
      "Text": "[1;2Q"
    },
    "0xf706-0x20000": {
      "Action": 10,
      "Text": "[1;2R"
    },
    "0xf707-0x20000": {
      "Action": 10,
      "Text": "[1;2S"
    },
    "0xf708-0x20000": {
      "Action": 10,
      "Text": "[15;2~"
    },
    "0xf709-0x20000": {
      "Action": 10,
      "Text": "[17;2~"
    },
    "0xf70a-0x20000": {
      "Action": 10,
      "Text": "[18;2~"
    },
    "0xf70b-0x20000": {
      "Action": 10,
      "Text": "[19;2~"
    },
    "0xf70c-0x20000": {
      "Action": 10,
      "Text": "[20;2~"
    },
    "0xf70d-0x20000": {
      "Action": 10,
      "Text": "[21;2~"
    },
    "0xf70e-0x20000": {
      "Action": 10,
      "Text": "[23;2~"
    },
    "0xf70f-0x20000": {
      "Action": 10,
      "Text": "[24;2~"
    },
    "0xf728-0x0": {
      "Action": 11,
      "Text": "0x4"
    },